latitude,longitude,volume,year
42.71516,-76.40451,42,2019
42.71489,-76.40509,39,2015
42.38951,-71.14181,70,2016
41.82063,-71.42895,72,2015
42.47998,-76.45123,39,2016
33.5587,-84.55818,52,2017
33.50624,-84.33269,52,2015
32.46815,-83.72557,59,2016
33.65593,-84.48597,72,2014
41.82048,-71.42895,62,2015
42.46009,-76.48364,47,2016
42.48014,-76.45105,34,2019
40.61101,-75.49441,52,2015
40.61413,-75.35048,63,2012
39.94969,-75.1672,53,2014
42.54205,-76.53897,46,2015
25.41682,-101.00217,56,2016
19.28704,-96.44006,58,2017
16.74741,-92.6449,31,2018
39.94695,-75.16708,58,2019
26.93899,-101.40376,44,2011
22.42148,-97.93154,46,2012
25.41683,-101.00231,55,2013
20.99237,-89.56975,40,2014
25.63946,-100.20676,45,2015
21.15375,-86.86518,61,2017
20.99237,-89.56975,49,2018
39.94971,-75.17148,68,2019
19.59368,-99.01196,50,2020
42.47711,-76.46714,70,2017
42.47642,-76.46707,81,2018
42.47696,-76.46715,78,2019
33.79872,-84.51763,58,2020
21.19725,-86.80549,41,2011
33.50631,-84.33275,40,2012
25.63088,-100.20836,38,2013
25.62942,-100.21066,34,2014
25.62891,-100.21096,56,2015
25.62736,-100.21262,51,2011
25.6276,-100.21308,43,2012
25.62766,-100.21311,57,2013
25.6392,-100.20728,59,2014
0.34454,-76.29394,52,2015
21.14467,-86.85065,48,2017
-12.08573,-76.99379,60,2018
42.51826,-76.50368,59,2019
21.14592,-86.85018,41,2020
19.49553,-99.06155,48,2017
43.27929,-76.1491,71,2018
19.58137,-99.01693,55,2019
21.15375,-86.86518,64,2020
21.15375,-86.86518,67,2017
44.8883,-93.07243,39,2018
43.05574,-76.15769,69,2019
25.30058,-100.13933,46,2020
25.30058,-100.13933,46,2020
20.08364,-104.0969,54,2014
21.15373,-86.86528,61,2015
30.39007,-91.18244,41,2016
33.56164,-84.56215,39,2017
33.50646,-84.33327,43,2018
33.79564,-84.40785,73,2019
28.26678,-105.46501,61,2012
28.26377,-105.46824,68,2013
28.26185,-105.47672,73,2014
28.26113,-105.47687,62,2015
25.72843,-100.33477,65,2016
-32.98842,-60.65026,70,2017
25.64011,-100.20226,61,2018
19.39774,-99.07551,57,2019
18.93798,-99.23446,59,2010
18.94137,-99.24079,49,2011
18.429,-66.04829,75,2012
18.9363,-99.24582,66,2013
47.57151,-122.13459,53,2014
25.62852,-100.21116,37,2015
33.66312,-84.45629,66,2016
42.42242,-71.19022,44,2013
42.71512,-76.40454,39,2014
32.72784,-117.15201,0,2015
32.72595,-117.14933,0,2016
16.74632,-92.64363,63,2019
32.74126,-117.14962,0,2019
21.1971,-86.80544,26,2014
8.74008,77.66209,73,2015
37.70419,-84.98624,40,2013
32.71942,-117.16799,86,2014
32.72718,-117.14959,44,2015
32.72672,-117.14966,63,2016
21.15375,-86.86518,64,2019
32.38821,-82.94164,64,2019
25.74233,-100.41924,79,2014
25.649,-100.33482,79,2015
25.68587,-100.48071,61,2016
25.68571,-100.48094,81,2019
25.68571,-100.48092,82,2010
-19.94468,-43.93964,57,2011
47.57154,-122.1345,45,2012
27.06671,-82.34645,58,2013
25.75634,-100.3124,56,2014
33.80946,-84.36619,63,2015
44.96145,-93.0672,53,2016
44.96153,-93.06727,61,2010
44.96149,-93.06717,55,2011
44.96148,-93.06719,55,2012
44.96155,-93.0673,47,2013
44.95265,-93.09125,66,2014
44.79954,-93.38703,73,2015
44.79575,-93.403,68,2016
44.79575,-93.403,51,2019
44.79575,-93.403,48,2010
44.7735,-93.39923,76,2011
-38.09688,145.13506,54,2012
52.39863,16.94833,49,2013
33.66671,-84.44527,75,2014
33.87328,-84.3458,40,2019
33.66682,-84.44511,68,2014
33.66647,-84.4456,61,2019
40.71791,-73.99153,52,2010
33.79041,-84.20495,45,2011
-37.71668,144.76422,53,2012
18.97013,-99.23006,58,2013
-38.11555,147.07656,62,2014
33.85457,-84.47992,47,2015
33.51947,-86.80736,48,2016
33.57274,-84.37,65,2019
25.22279,-99.93375,71,2013
25.22279,-99.93375,71,2014
25.22279,-99.93375,71,2014
-37.88031,147.97964,51,2015
33.94985,-84.26957,65,2015
-37.88035,147.97965,61,2016
21.15228,-88.16314,50,2016
-37.71672,144.76418,51,2017
33.95323,-84.29308,48,2018
47.57845,-122.16637,52,2019
33.92882,-84.2951,39,2019
45.56045,-94.32055,33,2019
45.58099,-94.39065,56,2013
45.59861,-94.38839,71,2019
45.60013,-94.3873,79,2019
8.98034,-79.5647,36,2019
8.98034,-79.5647,45,2019
8.97217,-79.5635,83,2013
8.97246,-79.56322,84,2014
18.99514,72.84743,45,2019
8.98017,-79.56419,56,2019
8.92393,-79.53855,70,2010
33.8644,-84.2939,66,2011
33.88968,-84.27926,39,2012
33.86425,-84.29117,50,2013
8.97191,-79.56414,77,2014
33.79695,-84.40366,38,2015
33.78311,-84.10702,55,2016
33.99403,-84.0713,52,2014
33.9077,-84.33777,53,2015
33.90772,-84.33777,55,2016
33.7823,-84.31601,52,2019
43.02808,-76.13647,49,2019
-37.71073,144.74212,62,2019
-33.92393,18.4211,47,2019
32.61494,-83.69051,46,2019
-33.92393,18.4211,51,2019
-33.92393,18.4211,46,2019
-33.9239,18.4212,44,2010
33.84679,-84.23641,55,2011
33.84681,-84.23637,52,2012
40.85344,-73.06044,36,2013
43.02807,-76.13646,78,2013
-12.12027,-76.96376,58,2019
41.51647,-72.9282,53,2019
41.5747,-73.05483,39,2015
-36.03146,144.59375,47,2016
44.91434,-93.11509,51,2019
20.68612,-103.45346,45,2015
21.15557,-86.83088,71,2016
34.13799,-116.05864,49,2019
41.65418,-83.53736,53,2019
38.79397,-89.99944,48,2013
50.69174,-119.7946,52,2014
42.43177,-71.07092,60,2019
33.9835,-84.45178,63,2013
20.67437,-103.45112,69,2019
20.69503,-103.34539,74,2019
19.14739,-100.11356,41,2019
33.68989,-117.833,56,2014
20.7292,-103.30821,76,2015
51.25736,0.58663,54,2016
51.25724,0.58657,64,2019
51.25734,0.58651,52,2010
51.25731,0.58652,49,2011
51.25723,0.58661,55,2012
51.25734,0.58651,60,2013
51.25725,0.58651,58,2014
51.25727,0.58652,53,2019
35.68121,139.52124,61,2019
51.25734,0.58649,34,2014
51.25727,0.58645,55,2015
35.70368,139.67082,48,2016
51.25734,0.58651,33,2019
43.12947,-93.23302,45,2014
43.12947,-93.23302,47,2015
20.69318,-103.36484,76,2016
51.25734,0.58652,33,2019
51.25734,0.58651,40,2013
51.25736,0.58651,40,2014
25.66577,-100.32547,51,2015
25.6667,-100.32588,63,2016
25.6668,-100.32649,63,2019
42.44695,-76.48896,37,2019
43.02813,-76.13638,48,2019
35.68121,139.52124,72,2013
35.68121,139.52124,60,2014
42.44112,-71.0852,55,2015
40.90696,-73.78117,73,2016
40.90686,-73.78124,73,2019
40.90691,-73.7812,63,2019
40.90709,-73.7813,64,2019
42.43915,-71.07827,71,2012
35.68254,139.52839,74,2014
35.68276,139.52879,63,2014
35.68048,139.52961,63,2015
35.68261,139.52858,72,2015
35.68279,139.52878,71,2016
35.68269,139.52882,61,2016
35.68049,139.52961,57,2017
35.68022,139.52997,69,2018
43.02809,-76.13651,51,2019
43.12947,-93.23302,51,2010
35.75402,139.53527,46,2011
35.6827,139.52882,70,2012
35.68265,139.52877,74,2013
35.68316,139.52816,58,2014
35.68295,139.52785,68,2015
35.68294,139.52789,63,2016
35.68293,139.52795,67,2016
35.68302,139.52784,67,2019
35.68299,139.52786,63,2019
35.68303,139.52786,69,2017
35.683,139.52805,66,2018
35.68303,139.52806,70,2019
35.68271,139.52882,71,2019
35.68247,139.52813,71,2019
35.68283,139.52893,68,2019
35.68273,139.5287,69,2013
35.68263,139.52887,70,2014
35.68269,139.52876,66,2015
35.68271,139.52892,65,2016
35.68269,139.52875,66,2019
35.68276,139.52884,64,2019
35.68273,139.52885,59,2019
35.68273,139.52891,59,2019
35.68275,139.52913,56,2019
35.68275,139.52902,61,2019
35.68272,139.52907,57,2013
35.68274,139.52907,61,2014
35.68276,139.52907,56,2015
42.89581,-72.51134,41,2016
40.90689,-73.7811,74,2019
40.90762,-73.78179,72,2013
44.48413,-73.18935,42,2014
35.34351,-119.06422,55,2015
35.3435,-119.06424,63,2016
35.34351,-119.06423,70,2019
40.90709,-73.78123,70,2014
39.98353,-82.01326,49,2015
47.61402,-109.4263,32,2019
33.6673,-84.4469,69,2019
33.66696,-84.44703,71,2014
33.66759,-84.44732,59,2013
33.66384,-117.84759,65,2014
25.65018,-100.28884,67,2015
25.53192,-100.1598,49,2016
25.53473,-100.15627,31,2019
25.54935,-100.12709,42,2019
40.83514,-73.94364,71,2019
40.8351,-73.94373,48,2012
20.68623,-88.20045,75,2013
23.23879,-106.44577,83,2014
25.54484,-100.27047,29,2015
40.82156,-73.95397,73,2016
40.83513,-73.94367,25,2017
35.75402,139.53526,53,2018
33.66045,-84.60212,59,2019
36.73838,-119.80924,59,2013
40.90712,-73.78128,63,2014
40.90713,-73.7812,60,2015
40.90698,-73.78115,76,2016
40.90754,-73.78171,80,2019
40.90708,-73.7813,74,2015
25.7547,-100.30196,77,2016
51.25731,0.58653,30,2019
-37.76574,144.91347,54,2013
40.71589,-74.01242,49,2014
33.69654,-84.56849,57,2015
43.01869,-76.16142,76,2016
33.47896,-84.44457,81,2015
33.47876,-84.44443,80,2016
44.73036,-73.00058,45,2013
32.72718,-117.14974,49,2014
42.71514,-76.40444,42,2015
33.69629,-84.56822,56,2016
33.69679,-84.56823,67,2017
32.72701,-117.14905,66,2018
42.31323,-89.10681,68,2019
41.62093,-83.57552,42,2010
48.11127,-123.41368,40,2013
40.87064,-73.91903,65,2014
40.79091,-73.95352,69,2015
43.02806,-76.13649,47,2016
40.87068,-73.91924,55,2017
40.50728,-75.70297,72,2018
40.50728,-75.70288,74,2019
40.78601,-73.97536,68,2010
40.50171,-75.69408,73,2013
40.50724,-75.70286,72,2014
40.72896,-73.98697,72,2015
40.50725,-75.70279,72,2016
40.50641,-75.70168,76,2017
40.50641,-75.70168,76,2018
40.50686,-75.70257,76,2019
40.50725,-75.70281,76,2010
40.87139,-73.92009,48,2010
40.50576,-75.70242,70,2013
25.09557,-80.44093,58,2014
40.50725,-75.70279,73,2015
32.49692,-83.6563,48,2016
40.50724,-75.71479,72,2017
40.50726,-75.70279,74,2018
40.50726,-75.70279,77,2019
40.50725,-75.70279,76,2010
40.50726,-75.7028,74,2013
40.50726,-75.70281,75,2014
42.33474,-76.46558,63,2015
-38.64749,146.20562,38,2016
40.50728,-75.70277,70,2017
40.50725,-75.70258,74,2018
40.50724,-75.70279,74,2019
40.50735,-75.70317,76,2010
43.02816,-76.13646,76,2013
40.50583,-75.70221,74,2014
40.50725,-75.7028,74,2015
40.50724,-75.703,76,2016
40.48204,-75.74096,70,2017
43.74158,-79.43088,59,2010
40.83508,-73.94364,69,2013
40.50733,-75.70303,74,2014
40.50727,-75.70292,75,2015
48.07814,11.93888,49,2016
40.50732,-75.70322,74,2017
48.0796,11.87436,69,2018
43.12956,-93.23319,72,2019
40.50723,-75.70276,75,2010
39.94912,-75.19663,56,2013
40.50723,-75.70281,75,2014
40.50581,-75.7023,76,2015
39.4605,-0.37154,43,2016
39.4657,-0.35719,76,2017
40.50724,-75.70279,76,2018
40.50743,-75.70338,65,2019
42.03396,-70.09596,77,2010
40.19674,-0.11754,59,2013
42.03981,-70.09705,55,2014
40.50596,-75.70225,74,2015
40.50595,-75.702,74,2016
42.03958,-70.09716,42,2017
39.46052,-0.37152,42,2018
39.46049,-0.37145,43,2019
39.46853,-0.35558,66,2010
39.46842,-0.35588,73,2013
25.64338,-100.32974,56,2014
40.50192,-75.71807,72,2015
39.46051,-0.37163,42,2016
39.46925,-0.37245,77,2017
39.46994,-0.37126,72,2018
39.46976,-0.36453,73,2019
39.46839,-0.35588,76,2013
37.76898,-122.42479,52,2014
37.76898,-122.42479,49,2015
40.50704,-75.70284,74,2016
40.50703,-75.70276,75,2017
42.03974,-70.09698,42,2018
37.76896,-122.42475,40,2019
37.76899,-122.42476,41,2010
37.7688,-122.42483,44,2013
37.769,-122.42478,43,2014
37.76898,-122.42479,40,2015
37.76898,-122.42479,40,2016
37.76902,-122.42485,41,2017
37.76903,-122.42485,41,2018
37.76898,-122.42479,40,2019
37.76911,-122.42468,40,2010
37.76904,-122.42466,47,2013
37.76904,-122.42466,42,2014
37.76906,-122.42464,42,2015
37.76905,-122.42468,45,2016
37.76894,-122.42445,43,2017
37.76893,-122.42461,42,2018
37.76901,-122.42454,43,2019
37.76896,-122.42469,46,2013
37.76898,-122.42484,45,2014
37.76898,-122.42484,43,2015
37.76894,-122.42465,44,2016
37.76898,-122.4248,40,2017
37.76895,-122.42475,42,2018
37.76899,-122.42466,45,2019
37.76899,-122.4247,47,2010
37.76901,-122.42479,40,2013
40.50593,-75.70201,75,2014
37.76898,-122.42474,52,2015
37.76896,-122.42471,52,2016
37.76897,-122.42473,51,2017
40.50724,-75.70282,75,2018
40.01013,-75.23147,77,2019
51.10052,-114.22511,64,2013
40.50712,-75.70283,75,2014
39.90083,-75.16677,83,2015
41.47533,-81.45102,39,2016
33.06421,-117.29102,75,2017
33.79039,-84.20512,42,2018
43.0314,-76.14131,73,2019
43.02812,-76.13645,44,2010
48.83442,2.24603,61,2013
40.75471,-73.98423,72,2014
40.81279,-74.07445,83,2015
29.57479,-98.43657,41,2016
-38.40234,142.15784,88,2017
35.31303,-81.00822,60,2018
35.31315,-81.00841,54,2019
40.61154,-75.37914,48,2010
33.04191,-117.29295,66,2013
40.90719,-73.78126,74,2014
41.88646,-73.8207,28,2015
48.83439,2.24605,71,2016
39.46047,-0.37167,54,2017
32.72764,-117.1486,69,2018
38.4555,-90.54885,47,2019
41.88559,-73.82087,45,2010
-34.48593,138.28032,43,2013
40.90746,-73.78204,82,2014
39.8748,-75.24377,72,2015
47.65582,-114.6724,85,2016
39.56114,-104.77598,50,2017
39.34906,-83.00017,61,2018
53.41649,-113.44901,57,2019
33.73733,-84.43029,71,2010
21.24873,-86.75279,85,2013
21.24873,-86.75279,82,2014
39.55659,-104.77299,77,2015
47.57153,-122.13441,62,2016
44.90225,-92.5034,47,2017
37.51353,-122.27266,48,2018
37.51355,-122.27273,49,2019
46.41986,-120.30448,30,2010
32.53701,-82.92906,49,2013
40.77802,-73.98274,69,2014
42.47026,-71.06899,62,2015
40.84882,-73.93951,75,2016
43.04886,-76.17059,73,2017
43.02752,-76.13616,52,2018
40.83515,-73.94376,56,2019
40.86321,-73.91859,70,2010
40.8635,-73.92664,57,2013
35.01951,-92.0025,42,2014
35.0195,-92.0025,45,2015
33.72575,-84.42386,55,2016
35.01947,-92.00248,47,2017
40.86304,-73.92736,81,2018
40.86305,-73.92735,80,2019
40.86309,-73.92736,80,2018
-16.81924,145.63268,68,2010
40.85489,-73.9376,53,2013
40.85489,-73.9376,57,2014
40.86779,-73.92664,65,2015
40.86779,-73.92664,71,2016
40.86779,-73.92664,73,2017
43.12947,-93.23302,46,2018
43.12966,-93.23312,44,2019
40.82499,-73.94163,66,2010
40.82499,-73.94163,67,2013
40.85693,-73.92778,78,2014
40.86304,-73.92737,78,2015
40.85702,-73.92776,81,2016
43.81953,-79.42126,58,2017
35.01953,-92.0025,64,2018
35.01953,-92.0025,53,2019
43.76517,-79.40857,68,2013
43.02912,-76.16165,67,2014
43.65409,-79.40184,70,2015
40.83513,-73.94373,38,2016
40.83516,-73.94365,55,2017
40.86309,-73.92737,75,2018
40.84607,-73.9383,79,2019
32.7271,-117.1496,66,2013
40.86351,-73.92698,74,2014
44.70727,-63.58943,69,2015
44.70705,-63.58954,66,2016
44.70721,-63.58976,57,2017
40.19317,44.48933,56,2018
37.67902,-97.29306,67,2019
41.11369,-81.53434,48,2010
40.84601,-73.93813,73,2013
-28.16652,153.5115,80,2014
39.45962,-87.3471,52,2015
44.9023,-92.50282,50,2016
40.86323,-73.92726,81,2017
40.82499,-73.94164,80,2018
40.84613,-73.93842,83,2019
33.7477,-84.46794,44,2013
40.90688,-73.78099,74,2014
40.9068,-73.78094,74,2015
40.90718,-73.78089,71,2016
43.03123,-76.14103,68,2017
50.68622,-120.29853,44,2018
33.87756,-77.99811,53,2019
34.78315,135.63392,81,2010
43.03929,-76.14396,77,2013
44.63269,26.22328,43,2014
33.88965,-84.2792,38,2015
40.86315,-73.92736,80,2016
31.51025,-91.29637,53,2017
31.51054,-91.29642,50,2018
31.51057,-91.29648,50,2019
21.14468,-86.85063,50,2010
41.47513,-81.46293,54,2013
40.29073,-7.53425,48,2014
41.40141,-82.22231,51,2015
31.50937,-91.29764,52,2016
43.02808,-76.13648,64,2017
46.12654,-64.40538,43,2018
49.32301,-123.13172,81,2019
37.79917,-122.40884,73,2010
-34.8511,138.59584,48,2013
49.27174,-123.18646,58,2014
39.42857,-8.21316,49,2015
38.96548,-95.26645,53,2016
44.90227,-92.50318,52,2017
31.51114,-91.29566,52,2018
31.51081,-91.29645,56,2019
44.98958,-93.05711,67,2010
44.98957,-93.05699,65,2013
44.98739,-93.05642,57,2014
44.98928,-93.0512,65,2015
44.9875,-93.05651,57,2016
44.98589,-93.05643,57,2017
44.98672,-93.0565,57,2018
44.9885,-93.0565,67,2019
44.98575,-93.0563,58,2019
44.98677,-93.05663,64,2010
44.98557,-93.05616,56,2013
44.98305,-93.05434,61,2014
44.98234,-93.05843,61,2015
44.983,-93.05451,59,2016
44.98409,-93.05496,61,2017
44.98296,-93.05433,58,2018
44.98413,-93.05497,61,2019
44.98187,-93.05259,55,2013
44.98109,-93.05323,63,2014
44.98186,-93.05257,60,2015
44.98191,-93.05251,59,2016
44.98065,-93.05321,54,2017
44.98111,-93.05339,60,2018
44.98036,-93.05115,63,2019
44.98027,-93.05132,63,2010
44.98031,-93.05144,59,2013
44.97932,-93.05216,54,2014
44.97935,-93.05184,52,2015
44.97866,-93.05064,52,2016
44.97887,-93.05087,56,2017
44.97933,-93.05169,58,2018
44.97891,-93.05083,59,2019
44.97869,-93.05211,45,2010
44.97893,-93.052,54,2013
44.97898,-93.05203,45,2014
43.02813,-76.13644,51,2015
43.01858,-75.99521,59,2016
44.76396,-92.81191,53,2017
44.76558,-92.78778,62,2018
44.76482,-92.8127,51,2019
44.76603,-92.81387,56,2010
44.76603,-92.81387,53,2013
44.7648,-92.81268,50,2014
44.76684,-92.81165,51,2015
44.76678,-92.81166,51,2016
44.7668,-92.81171,51,2017
44.76277,-92.81237,50,2018
44.76285,-92.81222,49,2019
44.76292,-92.81227,53,2010
44.76354,-92.81198,58,2013
44.76367,-92.81172,56,2014
44.76371,-92.81158,50,2015
44.76591,-92.81118,52,2016
44.76588,-92.81109,50,2017
44.76594,-92.81131,54,2018
44.76409,-92.78903,66,2019
44.76671,-92.81462,75,2013
44.76671,-92.81463,66,2014
44.76671,-92.81464,67,2015
44.76669,-92.81463,68,2016
40.90702,-73.781,73,2017
40.90698,-73.7809,69,2018
41.37179,-71.49315,62,2019
41.89997,-87.6251,51,2010
49.27164,-123.18645,32,2013
-33.85546,18.63645,46,2014
31.5638,-91.55977,46,2015
20.72062,-103.52049,20,2016
39.54895,-104.76807,60,2017
40.82965,-73.94658,76,2018
1.43716,103.83297,56,2019
42.45097,-76.50923,76,2010
33.748,-84.46807,61,2013
41.18796,-81.57961,51,2014
43.02819,-76.13644,44,2015
42.47991,-76.45104,54,2016
9.94951,-84.26211,79,2017
23.09282,-109.71221,58,2018
9.93859,-84.0763,79,2019
53.48677,14.57748,25,2010
43.07271,-76.22096,79,2013
40.86605,-73.92782,80,2014
40.8635,-73.92683,66,2015
-12.06679,-77.15781,64,2016
-12.07102,-77.15994,57,2017
-12.07382,-77.16281,68,2018
-12.07318,-77.1662,71,2019
-12.07243,-77.16479,65,2010
40.41964,-3.69719,72,2013
40.41992,-3.69721,78,2014
40.42,-3.69709,74,2015
40.86346,-73.92688,80,2016
40.82571,-73.92593,77,2017
32.7272,-117.14959,69,2018
39.94713,-82.99504,47,2019
39.46834,-0.35579,44,2010
43.27674,-87.98838,62,2010
40.90287,-75.14276,39,2013
40.90289,-75.14271,38,2014
40.84592,-73.93854,68,2015
40.8458,-73.93782,70,2016
28.62928,-106.02426,73,2017
43.70199,-79.44057,65,2018
40.87064,-73.91837,59,2019
4.64507,-74.05801,49,2017
40.84574,-73.93839,83,2010
-32.99455,27.92562,49,2013
20.98862,-89.73557,65,2014
20.98863,-89.73561,60,2015
33.7427,-84.42406,58,2016
19.08919,74.744,57,2017
27.30054,-112.8814,75,2018
20.98686,-89.69873,78,2019
20.98686,-89.69873,84,2010
40.86654,-73.92857,81,2013
40.86174,-73.9215,68,2014
34.67446,-120.45634,43,2015
20.79634,-88.20162,72,2016
40.86589,-73.92347,76,2017
40.86589,-73.92347,76,2018
5.67784,-0.16739,76,2019
40.86601,-73.92772,72,2010
40.86612,-73.9281,80,2013
40.86781,-73.92669,56,2014
40.86737,-73.92701,69,2015
-12.06745,-77.15831,63,2016
-12.06754,-77.15836,62,2017
-12.07379,-77.1627,59,2018
-12.07381,-77.16155,61,2019
-12.0731,-77.16626,59,2010
-12.07265,-77.16407,58,2013
40.86573,-73.92749,79,2014
22.44977,88.30422,59,2015
7.96056,-74.05235,36,2016
-37.89938,145.03173,34,2017
33.73203,-84.39455,51,2018
35.87783,-78.79389,60,2019
40.86678,-73.9282,82,2010
7.15628,0.4836,45,2013
21.14111,-86.85271,76,2014
21.28764,-89.66357,76,2015
21.28855,-89.65633,67,2016
20.99491,-89.69345,81,2017
20.095,-98.70932,49,2018
20.96362,-89.62555,76,2019
39.05907,-104.70161,61,2010
20.98331,-89.66472,52,2013
20.974,-89.66707,48,2014
20.09498,-98.7093,53,2015
21.14467,-86.8506,46,2016
21.16444,-86.84555,84,2017
33.98307,-84.56927,58,2018
33.98294,-84.56961,68,2019
33.8503,-84.42953,63,2010
33.85032,-84.42953,79,2013
20.98674,-89.6986,77,2014
40.87238,-73.91678,69,2015
40.8726,-73.91784,70,2016
43.12968,-93.23324,56,2017
20.51155,-86.9487,83,2018
29.95841,-90.06573,77,2019
32.53747,-82.92994,52,2010
20.97191,-89.63578,89,2013
33.82988,-85.75823,53,2014
-32.99903,27.90293,53,2015
20.02935,-100.72726,82,2016
40.86605,-73.92782,85,2017
40.86591,-73.92771,84,2018
39.02528,-104.81374,34,2019
-32.999,27.90286,71,2010
29.57012,-98.39276,53,2013
36.82668,-76.41428,78,2014
44.90223,-92.50284,52,2015
46.22151,7.34652,85,2016
32.5418,-82.90279,51,2017
50.74038,-1.82766,31,2018
40.45079,-3.7035,64,2019
40.46093,-3.6986,65,2010
40.45083,-3.70346,67,2013
40.45099,-3.70344,69,2014
40.44957,-3.70351,68,2015
44.14246,28.63227,33,2016
20.18322,-98.71614,61,2017
20.18322,-98.71614,58,2018
20.18322,-98.71614,59,2019
20.18322,-98.71615,65,2010
20.18322,-98.71614,59,2013
10.73655,106.69206,55,2014
40.45092,-3.70348,69,2015
21.16445,-86.84563,51,2016
10.19655,-85.60673,51,2017
10.19212,-85.61268,41,2018
10.18549,-85.61759,49,2019
10.17775,-85.62198,36,2010
10.17144,-85.62457,40,2013
10.16732,-85.62449,41,2014
10.16072,-85.6221,40,2015
10.15672,-85.62735,47,2016
10.14817,-85.6296,41,2017
10.13149,-85.6319,37,2018
10.11465,-85.61062,32,2019
10.32307,-85.41627,51,2013
10.32287,-85.41694,59,2014
40.45439,-3.70318,62,2015
40.45542,-3.70257,61,2016
33.65969,-84.50019,64,2017
20.18254,-98.71713,29,2018
46.00203,4.05935,44,2019
45.73313,4.87188,52,2010
45.73313,4.87188,46,2010
43.02816,-76.13634,57,2013
20.20524,-98.70664,55,2014
40.46608,-3.69104,71,2015
40.46609,-3.69103,73,2016
40.42686,-3.69604,76,2017
-12.0676,-77.15818,62,2018
-12.06754,-77.15841,65,2019
-12.07382,-77.16168,66,2010
-12.07387,-77.16164,68,2013
-12.07366,-77.16248,63,2014
-12.07374,-77.1627,61,2015
-12.07371,-77.1654,53,2016
-12.0727,-77.16407,63,2017
45.73313,4.87188,42,2018
45.73125,4.85121,66,2019
20.20456,-98.71769,35,2019
40.4666,-3.68847,79,2010
-34.80093,-58.38435,57,2013
42.70236,23.29832,39,2014
20.18846,-98.73443,44,2015
20.19854,-98.70477,38,2016
24.74188,46.63628,46,2017
22.44975,88.30432,65,2018
20.21453,-98.73094,50,2019
32.69892,-117.13314,64,2010
32.6989,-117.13315,69,2013
32.69871,-117.13319,66,2014
32.69868,-117.13312,77,2015
32.69866,-117.133,67,2016
32.69893,-117.13315,66,2017
32.69894,-117.13315,66,2018
32.6989,-117.13315,73,2019
32.69895,-117.13315,78,2010
32.69866,-117.133,70,2013
32.69889,-117.13329,67,2014
32.69877,-117.13315,71,2015
32.6991,-117.13372,73,2016
32.69975,-117.13384,65,2017
32.69894,-117.13402,69,2010
32.69966,-117.13297,64,2013
32.69895,-117.13393,70,2014
32.69913,-117.1337,68,2015
32.69915,-117.13366,78,2016
32.69937,-117.1338,83,2017
32.69891,-117.13315,72,2018
32.69892,-117.13325,70,2019
32.69888,-117.13314,60,2010
32.69889,-117.13316,58,2013
32.69894,-117.133,73,2014
32.69894,-117.133,76,2016
32.69899,-117.13329,74,2017
32.69891,-117.13315,75,2018
32.69889,-117.1339,80,2019
32.69918,-117.13371,74,2010
32.69899,-117.13393,68,2013
32.69901,-117.13403,69,2014
32.6989,-117.13337,68,2015
32.69893,-117.13391,74,2016
32.69926,-117.13378,72,2017
32.69919,-117.13354,80,2018
32.6989,-117.13337,61,2019
32.69881,-117.13386,74,2010
32.69888,-117.13348,64,2013
32.69923,-117.13376,76,2014
32.69904,-117.1339,64,2015
32.69893,-117.13385,54,2016
32.69919,-117.13377,60,2017
32.69863,-117.13392,76,2018
32.69927,-117.13377,71,2019
32.69916,-117.13372,60,2017
32.69894,-117.13349,68,2010
32.69916,-117.13373,72,2013
32.69926,-117.1337,75,2014
32.69903,-117.13373,79,2015
32.69912,-117.13405,78,2016
32.69948,-117.13389,81,2017
32.69894,-117.13297,83,2018
32.69892,-117.13316,74,2019
32.69934,-117.1336,76,2010
32.69902,-117.13368,78,2013
32.69899,-117.13329,72,2014
32.69899,-117.13329,74,2015
40.69503,-73.93078,62,2016
32.70341,-117.14396,70,2017
32.69716,-117.12689,34,2018
40.69516,-73.93065,61,2019
33.88966,-84.27924,49,2010
20.3755,-98.72214,47,2013
32.69428,-117.13604,69,2014
48.96076,-122.43405,42,2015
10.51798,-85.37622,49,2016
10.51182,-85.37502,43,2017
10.50686,-85.3712,38,2018
10.50037,-85.3761,40,2019
10.4938,-85.38045,36,2010
10.48704,-85.38266,45,2013
10.4701,-85.38002,43,2014
10.46415,-85.37435,42,2015
10.45666,-85.36642,43,2016
10.45018,-85.36373,57,2017
10.44472,-85.34933,41,2018
10.44285,-85.34123,44,2019
10.44285,-85.34123,44,2010
10.43578,-85.3357,38,2010
10.43578,-85.3357,38,2010
10.43298,-85.32681,40,2013
10.42064,-85.29758,47,2013
10.41128,-85.27766,58,2014
32.99816,-117.2575,73,2015
10.70394,-85.41136,51,2016
10.71299,-85.39907,40,2017
10.71299,-85.39907,40,2018
20.17906,-98.73417,44,2019
43.03223,-76.08874,76,2010
43.03223,-76.08874,76,2013
21.1173,-86.8395,76,2014
-12.06763,-77.15833,64,2015
-12.07373,-77.1616,74,2016
-12.07358,-77.16255,70,2017
-12.07381,-77.1625,66,2018
-12.07317,-77.16593,56,2019
-12.07268,-77.16399,68,2010
38.97274,-95.25177,79,2010
-36.65827,174.55725,51,2013
40.19599,44.49008,36,2014
42.70223,23.29835,40,2015
42.70247,23.29812,41,2016
43.75661,-71.69028,62,2017
43.75858,-71.69067,49,2018
20.20547,-98.70677,45,2019
42.70226,23.29855,42,2010
21.12102,-98.98947,50,2013
28.52245,-81.22514,66,2014
27.63554,54.30735,50,2015
21.16025,-86.80912,73,2016
14.89333,-92.25796,74,2017
14.89334,-92.25765,63,2010
14.89381,-92.25816,66,2010
14.8938,-92.25816,74,2013
14.89334,-92.25765,84,2014
14.89334,-92.25765,83,2015
14.89334,-92.25765,79,2016
14.89383,-92.25816,81,2017
14.8938,-92.25814,80,2018
14.89387,-92.25813,79,2019
14.89382,-92.25816,82,2013
14.89384,-92.25815,80,2014
14.89388,-92.25826,69,2015
14.89383,-92.2581,65,2016
14.89382,-92.25811,73,2017
14.89387,-92.25808,65,2018
14.89385,-92.25814,62,2019
14.89334,-92.25765,65,2013
14.8939,-92.25814,64,2015
14.89383,-92.25816,65,2016
14.89381,-92.25814,64,2017
14.89381,-92.25815,67,2018
37.96663,-122.03296,48,2019
14.89385,-92.25814,57,2010
14.89385,-92.25814,51,2013
14.89333,-92.25796,51,2014
14.89333,-92.25796,51,2015
14.89386,-92.25812,50,2016
14.89383,-92.25814,50,2017
14.89382,-92.25813,51,2018
14.8938,-92.25815,51,2019
14.89382,-92.25814,54,2010
25.76091,-100.41203,53,2010
25.69515,-100.35695,80,2013
14.89381,-92.25816,52,2014
14.89381,-92.25816,49,2015
14.89381,-92.25816,49,2016
14.89381,-92.25816,50,2017
14.89381,-92.25816,49,2018
14.89381,-92.25816,50,2019
14.89381,-92.25816,50,2013
26.61309,80.97617,49,2014
44.45404,-73.1789,43,2015
21.36347,-157.84696,45,2016
21.3405,-157.80065,55,2017
21.34049,-157.8007,52,2018
14.89382,-92.25816,48,2019
14.8938,-92.25816,48,2010
14.89381,-92.25816,49,2013
14.89381,-92.25816,55,2014
14.89382,-92.25815,49,2015
26.88953,80.97157,58,2016
40.45688,-3.67314,55,2017
14.89881,-92.25401,67,2018
14.89812,-92.25335,69,2019
14.89483,-92.25095,61,2010
14.895,-92.25104,55,2013
14.89319,-92.25316,55,2014
14.89323,-92.25317,56,2015
14.89324,-92.25313,56,2016
21.36347,-157.84696,52,2017
25.76091,-100.41202,47,2018
45.85261,13.58485,50,2019
46.00266,13.61581,28,2013
18.37238,-65.91293,55,2014
14.89391,-92.25821,69,2015
14.89384,-92.25816,75,2016
14.89392,-92.25819,73,2017
14.89399,-92.25819,83,2018
14.89395,-92.25817,85,2019
14.89384,-92.25812,80,2010
14.89395,-92.25817,81,2013
14.89381,-92.25817,76,2014
14.89382,-92.25816,78,2015
45.69936,14.03574,31,2016
42.3951,23.50797,35,2010
14.88955,-92.2513,69,2013
14.88949,-92.2512,71,2014
14.88957,-92.2512,71,2015
14.89729,-92.26018,60,2016
14.89855,-92.25958,62,2017
14.89741,-92.26005,58,2018
14.89733,-92.26,58,2019
14.89746,-92.26034,61,2010
14.89765,-92.26038,58,2013
14.8972,-92.2602,60,2014
14.89756,-92.26044,58,2015
14.89748,-92.26037,60,2016
14.89745,-92.26035,61,2017
14.89744,-92.2601,57,2018
14.89756,-92.26029,61,2019
14.89748,-92.26028,58,2010
14.89728,-92.26019,57,2010
14.89745,-92.26007,57,2013
14.89755,-92.26044,58,2014
14.89342,-92.25319,62,2015
14.89327,-92.2535,57,2016
14.89319,-92.25315,56,2017
14.89317,-92.25346,58,2018
14.89315,-92.25339,60,2019
14.89349,-92.25364,56,2010
28.40974,77.04762,63,2013
37.92847,-122.31638,58,2014
37.92844,-122.31636,61,2015
37.9314,-122.31633,50,2016
37.93132,-122.31748,63,2017
37.92997,-122.31869,62,2018
37.92941,-122.31855,74,2019
37.92857,-122.31686,61,2010
17.97624,-65.96109,70,2013
40.85552,-73.93372,68,2014
31.5103,-91.29632,44,2015
37.92823,-122.31633,58,2016
33.66678,-84.44575,75,2017
37.92956,-122.31593,70,2018
37.92955,-122.31588,68,2019
25.66736,-100.31734,64,2010
37.92845,-122.3164,41,2010
25.63347,-100.36366,73,2010
43.58778,-70.33528,57,2013
43.58778,-70.33525,42,2014
43.45866,-71.56127,73,2015
43.58762,-70.33382,73,2016
43.57874,-70.34354,48,2017
44.25586,-71.70156,47,2018
26.49054,87.28672,38,2019
26.603,87.1641,30,2010
25.72789,-100.39275,75,2013
21.19179,-88.1683,59,2014
10.07817,-84.46686,45,2015
-12.06762,-77.15838,71,2016
-12.06757,-77.15833,75,2017
-12.07368,-77.16162,72,2018
-12.07373,-77.16487,69,2019
-12.07298,-77.16617,66,2010
-12.07266,-77.16396,72,2013
42.70232,23.29858,65,2014
30.47194,-97.80987,57,2015
31.56386,-91.5594,41,2016
37.6062,-86.03747,64,2017
21.14115,-86.85275,84,2018
38.60149,-90.21773,59,2019
38.6011,-90.2168,62,2010
-15.45341,28.30144,54,2013
45.73105,4.85083,73,2014
45.73097,4.85064,67,2015
45.73067,4.85072,68,2016
42.33092,-71.2465,56,2017
25.70147,-100.33682,56,2018
36.07532,-86.60736,57,2019
36.07519,-86.60752,56,2010
38.84712,-77.07511,62,2013
38.84707,-77.07503,62,2014
-28.71795,151.85054,31,2015
21.16251,-86.8388,79,2016
21.1501,-86.83335,73,2017
-12.06684,-77.15778,63,2018
-12.07396,-77.16151,63,2019
-12.07393,-77.1626,63,2010
-12.07313,-77.16622,63,2013
-12.07283,-77.16384,66,2014
40.86977,-73.91796,62,2015
40.86969,-73.91786,48,2016
40.86969,-73.91786,41,2017
21.14113,-86.85275,71,2018
48.87924,2.32806,75,2019
40.67234,22.91521,38,2010
25.75882,-80.37575,59,2013
25.68632,-80.40083,76,2014
43.01861,-75.99514,46,2015
40.86947,-73.9179,64,2016
10.00415,-84.10826,47,2017
10.01436,-84.12141,81,2018
10.18562,-84.23628,67,2019
10.18579,-84.2361,54,2010
10.18552,-84.23635,39,2010
10.18556,-84.23636,45,2013
10.18574,-84.23606,50,2014
10.18718,-84.23426,47,2015
10.18634,-84.23364,54,2016
10.18642,-84.23517,46,2017
10.18881,-84.2328,55,2018
10.19082,-84.23282,66,2019
10.19082,-84.23282,67,2010
10.18688,-84.23459,56,2013
10.19011,-84.23289,63,2014
10.19025,-84.23271,62,2015
10.19075,-84.23257,52,2016
10.18949,-84.23162,43,2017
10.18891,-84.23284,29,2018
10.18981,-84.23237,54,2019
10.19077,-84.2327,57,2013
10.19017,-84.22998,46,2014
10.18996,-84.23115,37,2015
10.48206,-83.92265,55,2016
10.18982,-84.22949,42,2017
10.18911,-84.22853,52,2018
10.18911,-84.22853,52,2019
10.18912,-84.22855,48,2010
10.18962,-84.23201,35,2010
10.18836,-84.2293,35,2013
10.18997,-84.23115,31,2014
10.18634,-84.23364,61,2015
10.18717,-84.22993,52,2016
10.19012,-84.22978,34,2017
10.18667,-84.22989,36,2018
10.1853,-84.23364,64,2019
10.18613,-84.23026,36,2010
10.18912,-84.22858,57,2013
10.1854,-84.22989,47,2014
10.18549,-84.23147,39,2015
10.18604,-84.23211,41,2016
10.18695,-84.23294,55,2017
10.18833,-84.23289,44,2018
21.2877,-89.66403,74,2019
20.97115,-89.62058,45,2010
48.85432,2.38184,84,2013
10.00423,-84.1082,60,2014
21.14383,-88.15239,74,2015
38.68253,-90.14334,75,2016
38.68243,-90.14329,71,2017
38.68237,-90.1432,71,2018
38.68243,-90.14319,76,2019
38.68248,-90.14332,76,2010
38.68246,-90.14329,76,2010
38.68241,-90.14321,76,2013
38.68245,-90.1433,72,2014
38.68244,-90.14328,69,2015
38.68252,-90.14351,75,2016
26.07029,-80.14498,64,2017
-27.09047,152.9255,65,2018
25.75753,-80.37598,62,2019
-27.0904,152.92547,76,2010
21.12002,-86.84497,78,2013
21.12002,-86.84495,84,2014
21.12002,-86.84498,85,2015
34.11971,-118.15053,71,2016
38.6824,-90.14344,68,2017
-27.09049,152.92537,77,2018
-27.0905,152.92538,77,2019
47.58166,-122.62176,50,2010
35.97381,-78.51955,44,2013
38.79414,-89.99949,29,2014
35.97375,-78.51997,56,2015
38.79417,-89.99896,68,2016
38.79417,-89.99896,71,2017
38.79417,-89.99896,74,2018
38.79417,-89.99896,65,2019
38.79417,-89.99896,72,2010
35.44276,-76.97379,65,2013
35.44276,-76.97379,60,2014
35.44276,-76.97379,59,2016
32.60965,-86.32004,56,2017
46.00859,13.64629,37,2018
45.84147,5.0307,78,2019
-12.06736,-77.15789,65,2010
-12.07355,-77.16186,67,2013
-12.07388,-77.16289,61,2014
-12.07274,-77.16681,72,2015
-12.07264,-77.16401,63,2016
40.79062,-73.95235,65,2017
41.86712,-87.88172,42,2018
36.08113,-115.0131,55,2019
36.08113,-115.0131,52,2010
27.78784,-82.67154,41,2013
45.76298,13.78233,30,2014
42.70335,23.29795,69,2015
38.95015,-104.80271,42,2016
18.01637,-63.05989,41,2017
18.01639,-63.05993,40,2018
43.20311,-77.67702,81,2019
40.79019,-73.95306,57,2010
25.56681,-100.27491,37,2013
33.33818,-117.33112,42,2014
20.29144,-103.39863,31,2015
47.13821,27.57657,37,2016
41.03788,-83.65325,66,2017
46.44291,6.89644,75,2018
32.07569,-95.58381,52,2019
46.08191,13.80618,24,2010
25.76095,-100.41204,44,2013
41.96421,-87.68611,72,2014
41.96421,-87.68607,83,2015
43.651,-79.37302,67,2016
19.75253,-99.09345,58,2017
1.31877,103.77995,40,2018
43.69566,-79.39639,64,2019
40.6902,-74.1815,79,2010
50.1765,8.1902,33,2013
38.63762,-77.25318,38,2014
38.84368,-77.43666,62,2015
38.84335,-77.43773,66,2016
38.63762,-77.25304,54,2017
43.68526,-79.62329,72,2018
43.68529,-79.62295,75,2019
39.16217,-84.51082,80,2010
34.50837,69.14632,48,2013
52.48565,-2.02334,53,2014
-12.06765,-77.15774,0,2015
-12.06764,-77.15828,68,2016
52.4858,-2.02323,57,2017
-12.07382,-77.16159,76,2018
-12.07387,-77.16275,74,2019
-12.07444,-77.16456,69,2010
-12.07249,-77.16396,79,2013
20.1382,-98.50355,88,2014
20.13816,-98.50348,85,2015
-27.09056,152.92546,79,2016
38.84309,-77.43799,74,2017
38.76105,-90.08552,78,2018
20.99899,-89.69403,69,2019
40.69018,-73.99433,59,2010
40.6859,-73.828,79,2013
36.04336,-112.05898,43,2014
36.04336,-112.05898,43,2015
37.08471,-113.57386,51,2016
20.97562,-89.62843,85,2017
47.53653,19.12035,55,2018
40.86518,-73.92823,82,2019
46.44584,6.91074,74,2013
47.00631,9.53623,41,2014
25.10835,55.18356,65,2015
32.49976,-83.68854,40,2016
46.44845,6.88609,41,2017
46.44839,6.88576,46,2018
46.44832,6.88604,45,2019
46.44896,6.8854,49,2014
46.44837,6.88605,48,2015
46.44833,6.88612,49,2016
46.44755,6.88678,45,2017
46.44844,6.88611,45,2018
46.44838,6.88613,51,2019
46.44841,6.88611,52,2010
46.44844,6.88613,47,2013
46.44848,6.88611,49,2014
46.44842,6.88624,34,2015
46.4485,6.88608,53,2016
46.44838,6.88615,48,2017
46.44836,6.88615,49,2018
46.4485,6.88605,50,2019
46.44837,6.88612,50,2010
46.44842,6.88605,53,2013
46.44306,6.89629,63,2014
46.44312,6.89638,60,2015
46.44308,6.89652,61,2016
46.44321,6.89646,68,2017
46.44307,6.89643,65,2018
46.443,6.89633,61,2019
46.44299,6.8966,49,2010
46.44316,6.89653,63,2013
46.44311,6.89656,65,2014
46.44306,6.89644,68,2015
46.44317,6.8964,67,2016
46.44311,6.89642,65,2017
46.44311,6.89637,68,2018
46.44318,6.89627,75,2019
46.44313,6.89647,63,2010
46.43359,6.91678,32,2013
46.25071,7.01617,33,2014
49.70011,-123.15126,44,2015
46.25071,7.01611,27,2016
46.47406,6.8882,45,2017
53.22933,-2.95442,47,2018
43.02819,-76.1365,53,2019
43.0282,-76.13636,52,2010
43.02803,-76.13646,72,2013
53.24898,-2.96542,80,2014
53.41889,-3.02443,48,2015
40.87131,-73.91524,47,2016
51.4199,-0.85007,29,2017
30.2552,-97.69783,48,2018
51.41301,7.16348,37,2019
51.41989,-0.8508,50,2010
51.42012,-0.85213,53,2010
51.41978,-0.85074,61,2013
51.41988,-0.85064,53,2014
51.24438,7.11165,38,2015
13.67305,-89.2866,75,2016
13.67192,-89.28928,61,2017
40.86642,-73.92526,72,2018
51.41997,-0.8498,55,2019
51.41963,-0.85003,55,2013
-34.86368,138.54377,42,2014
47.76973,-122.34256,54,2015
40.41627,-3.70147,74,2016
40.41627,-3.70147,74,2017
40.44703,-3.70433,74,2018
20.09507,-98.70937,66,2019
59.92257,10.70164,57,2013
20.17931,-98.71228,65,2014
43.6594,-79.38465,44,2015
61.49524,23.55952,40,2016
49.0722,4.02354,45,2017
27.72639,-82.45451,46,2018
53.2708,-3.04429,46,2019
40.41563,-3.70231,70,2010
42.38926,23.52362,55,2010
25.77438,-100.11177,77,2013
51.29074,9.55309,35,2014
40.43281,-3.70147,70,2015
51.29334,9.53491,65,2016
40.42414,-3.70401,72,2017
37.67269,-77.54945,43,2018
38.64038,-77.29291,77,2019
35.68126,139.52119,64,2013
1.31935,103.77958,52,2014
51.29072,9.55311,30,2015
33.26002,-87.57994,56,2016
49.9759,18.87005,47,2017
40.44428,-3.70084,66,2018
20.17875,-98.7124,78,2019
42.77339,-71.23345,61,2010
42.77345,-71.23376,67,2013
40.43359,-79.95272,74,2014
42.77339,-71.23359,63,2015
25.72813,-100.33518,82,2016
35.68598,139.52225,64,2017
35.68773,139.52408,53,2018
35.68589,139.52244,71,2019
43.02815,-76.13644,41,2010
40.45089,-3.70342,66,2013
42.38509,-73.72529,77,2014
21.16436,-86.84558,69,2015
35.68126,139.52109,73,2016
35.68126,139.52109,73,2017
35.68592,139.52259,72,2018
35.68586,139.52255,71,2019
35.68793,139.52366,63,2010
35.68742,139.52448,61,2013
35.68537,139.52472,58,2014
35.70219,139.54435,73,2015
50.25414,19.00307,55,2016
21.43281,-87.33571,63,2017
38.82539,0.01633,58,2018
45.7331,4.8718,49,2019
43.67274,-79.30767,38,2013
51.29075,9.55306,26,2014
35.64824,139.7056,64,2015
51.53933,-0.18704,53,2016
44.04566,-91.62089,33,2017
55.03978,24.13939,46,2018
52.99636,-2.192,29,2019
-12.10241,-76.99035,70,2010
-12.10034,-76.98879,72,2013
-12.09735,-76.98921,69,2014
35.19811,-80.70596,76,2015
45.5472,-73.61323,50,2016
40.42504,-3.70591,74,2017
40.4456,-3.70327,75,2018
42.37413,-122.91329,55,2019
51.41986,-0.85025,56,2010
51.41986,-0.85016,55,2010
38.63757,-77.25302,46,2013
51.41989,-0.85009,49,2014
51.41989,-0.85009,55,2015
51.41991,-0.85031,58,2016
51.41987,-0.85023,62,2017
20.18033,-98.71218,78,2018
25.45995,-100.9836,82,2019
45.81213,4.95406,47,2010
53.90645,-1.92664,31,2013
29.95043,-90.0503,44,2014
20.17704,-98.76031,76,2015
35.66782,139.59216,72,2016
35.6678,139.59201,82,2017
35.66678,139.59039,73,2018
35.66679,139.59042,80,2019
35.66637,139.58986,73,2013
51.41989,-0.85034,63,2014
51.41989,-0.8501,66,2015
41.78866,-81.06832,78,2016
52.4858,-2.02322,54,2017
27.78733,-82.65212,51,2018
42.13135,-80.08636,66,2019
28.39535,77.06963,73,2010
42.1367,-80.08691,54,2013
29.94945,-90.13166,57,2014
40.75161,-73.99552,81,2015
42.13961,-80.01452,44,2016
39.73471,-104.97301,50,2017
39.73491,-104.9727,52,2018
34.05004,-117.67083,59,2019
50.78868,2.93303,38,2010
29.28494,-97.13666,49,2013
39.67956,-105.1668,54,2014
44.1951,-103.50516,80,2015
41.66619,-81.29134,32,2016
39.73458,-104.97301,51,2017
41.66548,-81.29149,55,2018
40.87126,-73.91943,81,2019
40.86615,-73.92795,83,2010
41.66583,-81.29129,53,2013
54.43255,12.66743,38,2014
52.4858,-2.02323,50,2015
52.4858,-2.02323,47,2016
5.85422,-55.01948,49,2017
44.02946,1.20708,56,2018
42.13945,-80.01405,68,2019
38.79421,-89.99903,55,2010
42.13942,-80.01342,55,2013
48.04283,10.8836,48,2014
48.04322,10.88352,53,2015
42.13734,-80.08636,49,2016
47.41218,-123.8817,33,2017
42.13943,-80.01401,45,2018
30.42371,-91.08174,53,2010
30.42372,-91.08177,53,2013
21.16435,-86.84563,74,2014
21.16434,-86.84559,55,2015
39.67916,-105.16662,66,2016
30.4236,-91.08177,59,2017
42.13711,-80.08567,64,2018
42.13927,-80.01371,60,2019
53.56943,10.01568,60,2010
40.90678,-73.78117,58,2010
42.13917,-80.01396,54,2013
42.13931,-80.01386,50,2014
55.07843,25.12563,58,2015
-12.10266,-76.99059,68,2016
-12.10097,-76.98961,66,2017
42.13912,-80.01369,42,2018
-12.09691,-76.98891,67,2019
42.77331,-71.23342,63,2013
48.28081,-114.26696,39,2014
42.11496,-73.26915,47,2015
48.59156,-123.08187,45,2016
9.92476,-84.11702,53,2017
54.07039,-2.03597,47,2018
47.37869,8.53853,66,2019
35.97383,-78.51973,51,2010
40.71737,-74.01505,48,2013
42.13945,-80.01404,43,2014
45.42746,-75.69198,65,2015
51.47524,-0.98772,46,2010
42.1367,-80.08689,55,2013
48.04322,10.88353,45,2014
42.13676,-80.08661,54,2015
58.18439,13.95776,35,2016
42.13905,-80.01382,59,2017
39.05323,-108.0945,54,2018
9.9116,-83.94389,59,2019
9.9109,-83.94269,59,2013
42.13945,-80.01404,66,2014
42.13945,-80.01404,66,2015
31.554,-84.12385,53,2016
44.84503,1.55147,59,2017
40.44269,-3.70084,67,2018
39.67958,-105.16696,65,2019
45.12439,8.44606,46,2010
20.17989,-98.71212,86,2013
34.09302,-118.22583,65,2014
39.73519,-104.97232,58,2015
21.1836,-86.80642,75,2016
41.14128,-73.54936,57,2017
45.42706,-73.44776,64,2019
42.14492,-80.00436,67,2013
42.14514,-80.00485,72,2014
40.86734,-73.92217,83,2015
34.09302,-118.22583,58,2016
44.42728,8.85575,49,2017
40.46027,-3.69767,73,2018
55.85601,23.65227,31,2019
41.05111,-73.54394,75,2010
38.79405,-89.99976,64,2010
40.43366,-79.95251,81,2013
34.09293,-118.22581,56,2014
44.80424,20.44386,80,2015
57.93445,19.16437,29,2016
40.43123,-3.70116,77,2010
45.42561,-80.19812,49,2013
34.09302,-118.22583,58,2014
35.68007,139.52055,41,2015
10.36353,76.26256,44,2016
40.45508,-3.70084,76,2017
40.44332,-3.70084,75,2018
47.91387,106.91674,73,2019
47.91425,106.91631,76,2010
42.13692,-80.08578,61,2013
34.09302,-118.22582,60,2014
39.46731,-76.80494,41,2015
40.43281,-3.70147,77,2016
38.60504,-90.24819,60,2017
38.60739,-90.2553,71,2019
38.60665,-90.26028,78,2013
40.86592,-73.92741,84,2014
41.66627,-81.29126,63,2015
41.66611,-81.29124,69,2016
47.85625,106.91033,45,2017
47.85585,106.91054,47,2018
57.68362,15.66131,31,2019
36.09691,-95.97243,62,2010
36.09689,-95.97245,38,2014
25.04902,121.44662,52,2015
41.81685,-71.45306,70,2016
40.90684,-73.78101,69,2017
40.90685,-73.78105,80,2018
40.44108,-3.70147,74,2010
40.42556,-3.70091,74,2013
40.42976,-3.70099,77,2014
34.14927,-118.16227,42,2015
34.1493,-118.16223,51,2016
40.44572,-3.70341,70,2017
34.06024,-117.58778,70,2018
42.13697,-80.08767,49,2019
-11.93224,-77.05295,27,2010
42.13691,-80.0875,59,2013
-12.10252,-76.9904,63,2014
-12.1027,-76.99067,55,2015
42.23816,-83.36142,46,2016
-12.10051,-76.98896,62,2017
42.23819,-83.35747,47,2018
42.23894,-83.3517,63,2019
-12.09708,-76.98886,64,2010
42.20776,-83.35646,68,2013
42.29945,-83.76933,81,2014
40.77044,-73.86271,74,2015
40.77089,-73.86295,80,2016
43.64626,-70.31069,78,2017
34.09302,-118.22583,59,2018
34.09302,-118.22583,62,2019
36.76525,15.09417,49,2015
40.44565,-3.70331,73,2016
43.02823,-76.13649,55,2017
35.39122,-118.89519,67,2018
42.77351,-71.23361,63,2019
38.96661,-95.23574,85,2010
51.46718,-0.16393,75,2013
43.85795,-91.3101,66,2014
38.98496,-77.08986,59,2015
40.45094,-3.70116,68,2016
51.61521,-3.93781,43,2010
49.98288,16.88011,30,2013
40.79367,-73.96727,78,2014
40.79337,-73.96617,68,2015
40.78705,-73.95734,64,2016
40.74581,-73.88957,66,2017
13.49979,121.86276,45,2018
-31.53699,-68.54883,43,2019
-31.53703,-68.54884,53,2010
-31.53697,-68.54884,56,2010
40.79809,-86.78729,44,2013
40.77534,-73.97877,59,2014
13.44305,121.82715,69,2015
13.44897,121.83974,65,2016
46.84891,-96.82355,64,2017
42.13707,-80.08743,67,2018
51.0659,-0.36832,40,2019
48.14631,-103.63561,42,2010
42.1393,-80.01387,48,2013
19.42116,-99.2097,60,2014
49.88974,-97.15142,64,2015
37.78632,-122.22524,44,2016
38.78644,-89.96515,48,2017
43.02804,-76.13645,35,2018
51.54375,-0.00881,75,2019
48.15822,-103.63106,33,2019
34.09302,-118.22583,59,2017
51.0659,-0.36831,38,2018
48.15822,-103.63106,54,2019
36.44488,-81.04733,41,2010
49.88986,-97.15129,43,2013
49.88986,-97.15129,39,2014
40.0568,-86.00688,62,2015
40.05679,-86.00688,79,2016
49.82136,-97.15606,79,2017
49.83128,-97.15884,75,2018
49.83283,-97.16091,79,2019
49.88937,-97.15182,79,2010
49.88986,-97.15129,70,2010
29.33204,48.09,50,2010
29.33204,48.09,53,2013
40.78633,-73.95767,68,2014
40.78404,-73.95891,65,2015
49.88986,-97.15129,40,2016
41.54513,-88.15655,57,2017
41.54513,-88.15654,56,2018
41.54514,-88.15655,70,2019
21.1447,-86.85055,67,2013
21.14467,-86.85058,74,2014
40.78362,-73.97919,69,2015
40.78705,-73.97548,76,2016
40.78694,-73.97554,68,2017
40.78827,-73.97643,78,2018
40.78823,-73.97651,76,2019
40.78822,-73.97652,78,2010
38.21846,-85.66714,58,2013
-31.53705,-68.54883,63,2014
-31.53702,-68.54883,63,2015
-31.53698,-68.54883,63,2016
-31.537,-68.54885,81,2017
9.90841,-83.94378,56,2018
9.90807,-83.94387,53,2019
40.05677,-86.00687,47,2013
54.44752,18.56204,57,2014
13.66454,100.60397,49,2015
36.05287,-79.89407,60,2016
9.90973,-83.9429,66,2017
9.91074,-83.94268,65,2018
38.21834,-85.667,66,2019
13.44043,121.82853,62,2010
49.88396,-97.132,77,2013
49.88363,-97.13186,79,2014
49.86878,-97.14197,78,2015
21.1447,-86.85055,77,2016
33.667,-84.44545,65,2017
43.02812,-76.13645,37,2018
13.44189,121.82836,55,2019
53.49383,-0.33161,47,2010
37.89861,-122.57195,40,2013
37.48306,-121.91844,41,2014
33.76478,-84.33367,82,2015
33.7653,-84.33531,81,2016
39.11363,-84.55702,56,2017
28.63356,77.11665,58,2018
38.24605,-85.72896,76,2019
34.04175,-118.30261,58,2010
39.56275,-104.77476,63,2013
33.22538,-87.5968,59,2014
37.78632,-122.22525,50,2015
32.53748,-94.85396,50,2016
-3.57064,-80.23505,81,2017
50.69101,-3.50645,73,2018
50.69432,-3.49155,55,2019
42.77337,-71.23347,57,2010
40.67424,-73.90677,74,2013
51.41265,-0.07419,47,2014
